username,date,title,content
Thang,28-04-2026,Một ngày bình yên nhưng đầy suy nghĩ,"Hôm nay là một ngày khá nhẹ nhàng. Mình thức dậy không quá sớm, nhưng cũng đủ để cảm nhận buổi sáng trôi qua chậm rãi. Không khí có chút yên tĩnh, khiến mình thấy dễ chịu hơn bình thường.

Ở trường (hoặc nơi làm việc), mọi thứ diễn ra như thường lệ. Không có điều gì quá nổi bật, nhưng chính sự bình thường đó lại làm mình nhận ra rằng đôi khi cuộc sống không cần quá nhiều biến động để trở nên ý nghĩa. Một vài cuộc trò chuyện nhỏ với bạn bè cũng đủ làm mình mỉm cười.

Buổi chiều, mình dành thời gian suy nghĩ nhiều hơn về những dự định sắp tới. Có chút lo lắng, nhưng cũng xen lẫn sự háo hức. Mình nhận ra rằng mình vẫn còn nhiều điều muốn làm, nhiều mục tiêu chưa hoàn thành.

Khi tối đến, mình cảm thấy hơi mệt, nhưng là kiểu mệt dễ chịu. Một ngày trôi qua không quá đặc biệt, nhưng lại đủ để mình cảm thấy biết ơn. Có lẽ, những ngày như thế này chính là khoảng lặng cần thiết để mình hiểu rõ bản thân hơn.

Hy vọng ngày mai sẽ tiếp tục là một ngày tốt đẹp, hoặc ít nhất là một ngày đáng nhớ theo cách riêng của nó."
kien,04-05-2026,nóng,Hôm nay học lập trình
